{"matches": [{"id": "VectorID118", "score": 0.914930522, "values": [-0.0792610869, 0.0144111263, -0.0776826441, -0.0440568365, 0.0590783395, 0.0538844466, 0.0628840253, 0.0620860085, -0.0121296132, -0.0428612977, 0.0411945544, -0.0504204296, 0.0617031232, 0.0175352171, -0.0536449924, -0.0812581629, -0.0799756348, 0.00961129181, -0.0530678295, 0.0552291423, 0.0303338189, 0.0227671843, 0.0216289461, -0.048517365, 0.0827889219, 0.0652497783, 0.0587874278, 0.0512234643, 0.058596693, -0.066385746, 0.0843244344, 0.103463739, 0.0733363703, -0.0359052084, 0.103431836, 0.0323020183, -0.0594558418, -0.00527902, 0.0395346843, -0.0284410045, -0.0125309294, -0.026809955, -0.0178911015, -0.00380774657, -0.00119261397, 0.0666465908, -0.049669303, 0.018862104, 0.00120354886, 0.0109273018, -0.00994052459, 0.00436215568, 0.0165785179, 0.05801614, 0.085185118, 0.00223081745, -0.143205941, -0.0600386113, 0.0107561797, -0.0381350182, 0.0196620151, -0.00353564695, -0.0776371509, 0.00762060797, 0.0328277, -0.0195764359, 0.0207438469, -0.0618885048, 0.00416709343, -0.081996128, -0.0765241161, 0.0241983328, -0.0258901492, 0.0388052836, -0.0185286365, 0.0201308914, 0.0260692984, -0.094000943, 0.00477502914, -0.0635486692, -0.0623312667, 0.00424843049, 0.00784674659, 0.0627255812, 0.0183519255, 0.0664906576, 0.0168051887, -0.00480933441, 0.00546918111, 0.0166343767, 0.0499316193, 0.0278403331, -0.0177543741, -0.00962812174, -0.104501769, 0.0383858457, 0.0670816377, 0.0187498294, -0.0780469179, 0.0708545148, 0.0222180206, 0.0621558763, 0.0198947135, -0.0396418907, -0.00790823717, -0.0494669452, -0.0402938649, 0.041523952, -0.0371948779, -0.0258041937, -0.0499020666, 0.00703577697, 0.00165879831, -0.0811195448, 1.6304688e-05, 0.0486410633, -0.0376242399, -0.0193681922, -0.0265460033, -0.081655778, -0.0224732757, -0.0617248528, -0.104299746, 0.0476220436, -0.0982530788, 0.0363135263, 0.00795905851, 2.17464809e-32, -0.0319399312, 0.0378682539, 0.0257457141, -0.0287880842, -0.00409882748, -0.0342842527, -0.0105600962, -0.00505524362, -0.0683362484, -0.0030517967, -0.0525002405, -0.051277861, -0.0044610016, -0.0920922, -0.0359890461, -0.0928429067, -0.0240845364, 0.00214731344, -0.0283654667, 0.0405788235, 0.0130786747, 0.0711047873, 0.0444895029, -0.0106492909, -0.0382596143, 0.035918992, 0.037606623, -0.0776747391, 0.0651102141, 0.0613197535, 0.0982262939, 0.0209938325, -0.143229276, -0.0109491767, -0.0350366421, -0.0196065623, -0.0728612617, -0.0495385751, -0.0311372932, -0.0243264046, -0.044923, -0.00613461528, -0.0906871408, -0.0176485255, 0.0245226305, -0.0757817, -0.00982777216, 0.0411132611, 0.0428367443, 0.101506, -0.0420763, 0.0102456482, -0.0321171582, -0.00807636324, -0.010197185, 0.00602596439, 0.0122090122, 0.00980309304, -0.0273020249, 0.0264412202, 0.0622356422, 0.100030676, -0.0305411294, -0.0778194591, 0.0618279465, -0.0299969949, -0.0451443978, -0.0836828798, -0.00926323514, 0.0244572368, -0.0231807809, 0.0094097117, 0.0724568069, 0.0198927335, 0.020873297, -0.0564704649, -0.0156692713, 0.0214070305, 0.0114067309, -0.00492747, -0.0246135704, 0.0493913144, -0.0359863304, -0.0332297496, -0.00610103691, -0.0501640476, -0.0329573639, -0.076822, -0.03825422, -0.0489586852, 0.0203803275, -0.0844836235, -0.00167770218, 0.0019382406, -0.121825866, -1.93217299e-32, 0.0619611517, -0.0277642924, -0.0253590457, 0.0388416313, -0.0347170718, 0.0138934515, 0.000356748584, 0.00215992029, 0.024240369, 0.0435456708, 0.0467353649, 0.0334460884, 0.0170745905, -0.0369530469, 0.0963770449, -0.0218555573, 0.0494133867, 0.0347179882, -0.0417996347, 0.00376282097, -0.0145063605, 0.0657087564, 0.00320069492, 0.0661801249, 0.00452864263, 0.0737777576, 0.0764663815, 0.0858809948, -0.0153872175, 0.0110200662, 0.0425143726, 0.0241061244, -0.0858336687, 0.0296112541, -0.0525749885, -0.0823876634, 0.0589981191, 0.0100420201, 0.0135379, 0.0174549501, 0.000296286773, 0.041277688, -0.00300944, 0.05443516, 0.0128201218, -0.0600473098, -0.0389534235, -0.0066977134, 0.0871191, -0.0299855154, 0.0899730101, -0.00197925954, -0.00235130358, 0.0218974352, 0.0591789596, 0.0729418471, -0.0245208349, 0.0797790289, 0.0736417845, -0.0941249579, -0.00952201243, 0.0151315862, 0.0115321232, 0.000618287944, 0.0424935333, -0.0164199807, -0.000313823344, 0.0250519272, 0.0386851914, -0.0940143839, 0.0380547121, 0.0159067679, 0.03538635, -0.0329768099, -0.00628951099, -0.0537912883, -0.00774999382, 0.06263, -0.0328557119, 0.0263321213, 0.0667489916, 0.0203867927, -0.00272775511, 0.057028234, -0.0108693559, -0.0550384074, 0.053327661, 0.0700060874, 0.00676527945, -0.074676685, -0.0373668037, 0.0680324137, 0.0122942869, 0.126183331, 0.125567973, -6.96789613e-08, -0.00963616092, -0.111786298, -0.104235679, -0.0500895195, 0.0910014808, -0.0108270878, -0.0541462861, -0.0827787742, -0.0199529622, -0.0705378, 0.153427035, 0.0426585115, -0.0772386715, -0.0340665318, 0.0293915551, -0.0850036, -0.101952799, 0.0670538843, -0.0540507436, -0.0555022918, 0.0114409151, -0.049423065, 0.0255033188, 0.0104592256, 0.0320876502, -0.0138405887, 0.0769802853, -0.000277603132, 0.0483226925, -0.0464299358, -0.0155784795, -0.00248246384, 0.0334821902, -0.0538043641, 0.0197107829, 0.0675813, -0.0712612867, 0.0722647831, 0.0383366905, 0.0346962139, -0.0299293064, -0.0842183828, -0.010933049, 0.0289513096, -0.0491070561, 0.0200747624, 0.00730754482, 0.0338804238, 0.00170399249, -0.064000085, -0.101360239, 0.00613776594, -0.0278955325, -0.0314232111, -0.0971996635, 0.0665344298, -0.108225547, -0.0565648, 0.0258573722, -0.0065747886, 0.0303552598, 0.05242173, -0.0574292801, 0.0473273434], "metadata": {"sentence": "rshar-Tnitldy.KnmfOXodpr(:6636-66460Ctakhm:HqdkZmc.\u0000rrnbhZshnmenqBnlotsZshnmZkKhmfthrshbr0Wt:X0,Kh:L0,Bth:K0,GtZmf:R0,Vdh:E0,ZmcYgnt:L019190KZxntsKL.Oqd/SqZhmhmfneSdwsZmcKZxntsenqCnbtldmsHlZfdTmcdqrsZmchmf0HmOpnaddchmfrnesgd15sg\u0000ALRHDJCCHmsdpmXshnmXiAnmedpdmadnmJmnvi,dcfdChranudpw)CXsXLhmhmf:JCC+19:"}}, {"id": "VectorID117", "score": 0.757484198,